,pid,name,plz
0,18ad81d2-caea-46e0-b49a-e6a7abdb813b,Bernhard Häupl GdbR,95615
1,1891fdac-a3bf-4736-9e38-7294086932ad,Besamungsgenossenschaft eG,95615
2,14b21957-388e-4d78-afe0-2257083624e5,Fritz Pöhlmann GbR,95615
3,1bcd89c6-a85b-4308-828b-f510bf66d265,"Helm, Udo",95615
4,875cfbce-aa41-4b68-aaa7-55f2d6d375e0,"Heuschmann, Christian",95615
5,f9d1245d-44af-4b11-9db9-e3f6c215cfd0,"Kießling, Robert",95615
6,875cfbce-aa41-4b68-aaa7-55f2d6d375e0,"Heuschmann, Christian",95615
7,23e6c556-4bab-4936-aa9a-ca9c1708cbd6,"Heuschmann, Matthias",95615
8,e3436608-9054-4155-8774-309dd36a7f26,Kohler Wilhelm GbR,95615
9,3a6608bb-264e-4361-ad9f-653be1530a1e,"Lippert, Gerhard",95615
10,f9d1245d-44af-4b11-9db9-e3f6c215cfd0,"Kießling, Robert",95615
11,5d2b92db-0388-4f3e-8c3d-ac29b87acf93,Kleinempfänger,95615
12,fad8da1b-5dcf-4e32-a8df-3efd53a239f7,Köllner GbR,95615
13,e3436608-9054-4155-8774-309dd36a7f26,Kohler Wilhelm GbR,95615
14,f54d0c9f-ee44-4418-8be3-abe487fc897f,"Kohler, Ulrich",95615
15,af1bffc0-99f9-4640-8867-9e401c681ad7,"Lang, Manfred",95615
16,fad8da1b-5dcf-4e32-a8df-3efd53a239f7,Köllner GbR,95615
17,f405d7f0-9ea9-4ab0-8a7b-0d80cefea952,"Kusche, Edith",95615
18,3a6608bb-264e-4361-ad9f-653be1530a1e,"Lippert, Gerhard",95615
19,af1bffc0-99f9-4640-8867-9e401c681ad7,"Lang, Manfred",95615
20,a289c280-e824-491c-aaa3-fc0a741070f6,Lebenshilfe e.V.,95615
21,5b7a2d4a-e4a1-49cd-81d8-11c75392235e,"Medick, Günther",95615
22,3a6608bb-264e-4361-ad9f-653be1530a1e,"Lippert, Gerhard",95615
23,021e321f-9c2f-4848-b8aa-6b44947d5ed4,"Lippert, Markus",95615
24,5815468e-3726-4d9e-8700-42ff0f6af8db,"Müller, Reinhard",95615
25,5b7a2d4a-e4a1-49cd-81d8-11c75392235e,"Medick, Günther",95615
26,f6388964-353e-49dd-9fb4-b08cb62ebb37,"Meyer, Thorsten",95615
27,d912a017-9771-4017-a53e-5180db5d5e6c,"Pflanz, Tina-Marie",95615
28,5815468e-3726-4d9e-8700-42ff0f6af8db,"Müller, Reinhard",95615
29,e4f71145-cf14-4afe-8a8e-38f5800d38f1,Pappelfarm Nürnberger GmbH,95615
30,e5e7c25d-7723-4bcb-86f1-c3a93b974db1,"Porath, Ernst",95615
31,d912a017-9771-4017-a53e-5180db5d5e6c,"Pflanz, Tina-Marie",95615
32,7e4f0126-6e0d-4f4d-a8f8-7faf97f37055,"Pöhlmann, Christian",95615
33,20565388-c9e1-480d-93b1-47d94c037a22,Purucker GbR,95615
34,7e4f0126-6e0d-4f4d-a8f8-7faf97f37055,"Pöhlmann, Christian",95615
35,e5e7c25d-7723-4bcb-86f1-c3a93b974db1,"Porath, Ernst",95615
36,a40b8038-8a78-4a39-be45-1edc3ea350f5,Purucker Udo GbR.,95615
37,f0676c32-23dd-4d01-bfeb-04b2ab1bbc91,"Preuß, Marc",95615
38,20565388-c9e1-480d-93b1-47d94c037a22,Purucker GbR,95615
39,466a00da-42f6-4b43-9169-81aee58294f3,"Rasp, Christian",95615
40,20565388-c9e1-480d-93b1-47d94c037a22,Purucker GbR,95615
41,a40b8038-8a78-4a39-be45-1edc3ea350f5,Purucker Udo GbR.,95615
42,9e671428-4258-4d92-86d7-75b37aac5c1a,"Rieß, Willi",95615
43,466a00da-42f6-4b43-9169-81aee58294f3,"Rasp, Christian",95615
44,8702ee77-7a68-400c-af62-5b363af61edd,"Rieß, Carola",95615
45,b4780b74-94a1-4855-a174-437b0f2921d6,"Rogler, Thomas",95615
46,8702ee77-7a68-400c-af62-5b363af61edd,"Rieß, Carola",95615
47,9e671428-4258-4d92-86d7-75b37aac5c1a,"Rieß, Willi",95615
48,efe7263c-aca6-4ec2-98b2-60c195e80d87,"Schmälzlein, Andrea",95615
49,e3726f0e-f73c-4389-812a-8d318fbf108a,"Söllner, Karin",95615
50,b4780b74-94a1-4855-a174-437b0f2921d6,"Rogler, Thomas",95615
51,a2767fff-a672-43ea-86e6-a4fef119094b,Rupprecht Helmut GbR.,95615
52,6eff51d8-7236-4c98-a313-da9fd60745e7,"Schübel, Manfred",95615
53,efe7263c-aca6-4ec2-98b2-60c195e80d87,"Schmälzlein, Andrea",95615
54,797e3056-e51c-4da1-8615-90e35a6dc51d,Schübel GbR,95615
55,79f39bc6-bfdb-4102-8cd6-b34b29f205b2,"Schübel, Werner",95615
56,797e3056-e51c-4da1-8615-90e35a6dc51d,Schübel GbR,95615
57,6eff51d8-7236-4c98-a313-da9fd60745e7,"Schübel, Manfred",95615
58,e3726f0e-f73c-4389-812a-8d318fbf108a,"Söllner, Karin",95615
59,0d4ec3cf-04d6-44f1-a4cc-10fc5a818e28,"Schübel, Reinhard",95615
60,79f39bc6-bfdb-4102-8cd6-b34b29f205b2,"Schübel, Werner",95615
61,6a481e94-b8dc-4cb6-a19f-5a20dc23a040,"Stelzner, Reinhard",95615
62,e3726f0e-f73c-4389-812a-8d318fbf108a,"Söllner, Karin",95615
63,b0745f80-083f-4470-9cf5-888f01fcedf0,"Spörer, Margit",95615
64,b0745f80-083f-4470-9cf5-888f01fcedf0,"Spörer, Margit",95615
65,6a481e94-b8dc-4cb6-a19f-5a20dc23a040,"Stelzner, Reinhard",95615
66,0f17fece-7f70-4eb5-bec2-cd724167150d,Täubert GbR,95615
